description,caller,issue
System crashes during high-performance tasks," ""John Smith"""," ""hardware malfunction"""
Computer shuts off randomly," ""Alice Johnson"""," ""hardware malfunction"""
Graphics card fails during rendering," ""Robert Brown"""," ""hardware malfunction"""
Motherboard failure symptoms present," ""Maria Davis"""," ""hardware malfunction"""
Ethernet cable unplugged message," ""Emily White"""," ""cable connection lost"""
Monitor not displaying due to loose VGA cable," ""Michael Clark"""," ""cable connection lost"""
Disconnected network cable error on server," ""Chloe Miller"""," ""cable connection lost"""
Printer stopped after USB came loose," ""Lucas Martinez"""," ""cable connection lost"""
Audio driver issues causing no sound," ""Olivia Garcia"""," ""device driver outdated"""
"Touchscreen unresponsive, driver issue suspected"," ""Mason Thompson"""," ""device driver outdated"""
Wireless network card driver out of date," ""Isabella Anderson"""," ""device driver outdated"""
Video driver error after system update," ""William Jackson"""," ""device driver outdated"""
Login failed with correct password," ""Sophia Moore"""," ""incorrect credentials"""
Access denied with outdated user credentials," ""Benjamin Taylor"""," ""incorrect credentials"""
Database access failure due to credential mismatch," ""Emma Harris"""," ""incorrect credentials"""
Security credentials not recognized during remote login," ""Noah Allen"""," ""incorrect credentials"""
Video player requires additional software plugin," ""Amelia Young"""," ""software plugin is not installed"""
Web conferencing tool asks for plugin installation," ""James Hernandez"""," ""software plugin is not installed"""
Document editing software missing required plugin," ""Logan King"""," ""software plugin is not installed"""
Browser plugin required for online banking tool," ""Charlotte Wright"""," ""software plugin is not installed"""
Password reset failed due to server error," ""Elijah Adams"""," ""failed to update password"""
User unable to update password on first attempt," ""Oliver Walker"""," ""failed to update password"""
Failed password change on company portal," ""Isabella Lewis"""," ""failed to update password"""
Repeated failure notifications during password update," ""Ava Robinson"""," ""failed to update password"""
Printer error 'paper jam' when trying to print high volume," ""Mia Perez"""," ""printer is malfunctioning"""
"Printer not printing, displaying 'service required'"," ""Harper Lee"""," ""printer is malfunctioning"""
Printer error messages prevent job completion," ""Evelyn Young"""," ""printer is malfunctioning"""
Printer stuck on 'warming up' indefinitely," ""Jackson White"""," ""printer is malfunctioning"""
Ink cartridge empty warning despite recent replacement," ""Lily Scott"""," ""printer has run out of ink"""
"Printer color output very faint, likely ink issues"," ""Jacob Torres"""," ""printer has run out of ink"""
Black ink depleted faster than expected," ""Lucas Nguyen"""," ""printer has run out of ink"""
"Printer refuses to print blue, indicates magenta low"," ""Mason Hill"""," ""printer has run out of ink"""
"SAP login inaccessible, server down message"," ""Ella Ramirez"""," ""SAP server is currently down"""
"Cannot retrieve data from SAP, server downtime ongoing"," ""Alexander Wright"""," ""SAP server is currently down"""
"SAP financial module unavailable, server maintenance"," ""James Baker"""," ""SAP server is currently down"""
"SAP HR portal unresponsive, server outage suspected"," ""Benjamin Green"""," ""SAP server is currently down"""
"File server response timeout, critical operations delayed"," ""Charlotte Adams"""," ""server is not responding"""
Database server stopped responding mid-query," ""Sophia Carter"""," ""server is not responding"""
"Application server did not respond, timing out"," ""Elijah Roberts"""," ""server is not responding"""
Media server dropped connection during streaming," ""Oliver Johnson"""," ""server is not responding"""
IT support requested for new account creation," ""Amelia Garcia"""," ""new service request is needed"""
New hardware request form needs submission," ""Mia Wilson"""," ""new service request is needed"""
Requesting access to specialized software," ""Harper Smith"""," ""new service request is needed"""
Form submission required for additional network access," ""Evelyn Clark"""," ""new service request is needed"""
"Data inaccessible, network drive not responding"," ""Jackson Thomas"""," ""network switch has failed"""
"Local area network down, suspect switch failure"," ""Lily Moore"""," ""network switch has failed"""
"Switch lights off, network segment down"," ""Jacob Martinez"""," ""network switch has failed"""
"Switch reboot required, connectivity issues detected"," ""Lucas Taylor"""," ""network switch has failed"""
Emails not updating on phone," ""Lily Moore"""," ""email not syncing"""
Outlook fails to sync emails over Wi-Fi," ""Jacob Martinez"""," ""email not syncing"""
Sync issues with corporate email on mobile device," ""Lucas Taylor"""," ""email not syncing"""
Email client stuck on 'updating inbox'," ""Jackson Thomas"""," ""email not syncing"""
VPN disconnects frequently during sessions," ""Mia Wilson"""," ""VPN connection failed"""
Failed to establish a secure connection via VPN," ""Harper Smith"""," ""VPN connection failed"""
VPN error due to incorrect server details," ""Evelyn Clark"""," ""VPN connection failed"""
Remote access denied by VPN gateway," ""Amelia Garcia"""," ""VPN connection failed"""
Notification to free up disk space on C:," ""Oliver Johnson"""," ""hard drive is full"""
"User unable to download files, disk space low"," ""Elijah Roberts"""," ""hard drive is full"""
Insufficient storage warning when installing apps," ""Sophia Carter"""," ""hard drive is full"""
"Hard drive capacity exceeded, system slow"," ""Charlotte Adams"""," ""hard drive is full"""
Laptop overheating and shutting down frequently," ""Benjamin Green"""," ""system overheating"""
"Server room temperature too high, affecting performance"," ""James Baker"""," ""system overheating"""
"Computer fan running constantly, overheating issue"," ""Alexander Wright"""," ""system overheating"""
Graphics workstation overheats during rendering," ""Ella Ramirez"""," ""system overheating"""
"Password forgotten, cannot access company portal"," ""Mason Hill"""," ""forgotten password"""
User unable to log in after forgetting password," ""Lucas Nguyen"""," ""forgotten password"""
Password retrieval not working for email," ""Jacob Torres"""," ""forgotten password"""
Forgot password for encrypted file," ""Lily Scott"""," ""forgotten password"""
Software crashes when opening large files," ""Jackson White"""," ""frequent software crashes"""
Application repeatedly crashes during startup," ""Evelyn Young"""," ""frequent software crashes"""
Program stops responding with complex operations," ""Harper Lee"""," ""frequent software crashes"""
Frequent crashes during data processing tasks," ""Mia Perez"""," ""frequent software crashes"""
Computer slows down with multiple programs open," ""Ava Robinson"""," ""slow computer performance"""
Performance lag during multitasking on PC," ""Isabella Lewis"""," ""slow computer performance"""
Old computer struggles with new software updates," ""Oliver Walker"""," ""slow computer performance"""
"System slowdown, possibly due to malware"," ""Elijah Adams"""," ""slow computer performance"""
Tablet won't connect to home Wi-Fi network," ""Charlotte Wright"""," ""mobile device not connecting to WiFi"""
Smartphone loses Wi-Fi connection in certain areas," ""Logan King"""," ""mobile device not connecting to WiFi"""
Wi-Fi not showing up on laptop," ""James Hernandez"""," ""mobile device not connecting to WiFi"""
Mobile phone intermittent Wi-Fi connectivity," ""Amelia Young"""," ""mobile device not connecting to WiFi"""
File format not supported error when opening document," ""William Jackson"""," ""unable to open a file"""
"Document corrupted, cannot be opened"," ""Isabella Anderson"""," ""unable to open a file"""
Cannot open downloaded file from email," ""Mason Thompson"""," ""unable to open a file"""
Error opening file on external drive," ""Olivia Garcia"""," ""unable to open a file"""
Keyboard keys sticking or not registering presses," ""Lucas Martinez"""," ""keyboard malfunction"""
Bluetooth keyboard intermittently disconnecting," ""Chloe Miller"""," ""keyboard malfunction"""
Wireless keyboard not working after battery change," ""Michael Clark"""," ""keyboard malfunction"""
Keyboard spill causing keys to malfunction," ""Emily White"""," ""keyboard malfunction"""
Mouse cursor freezes on screen," ""Maria Davis"""," ""mouse not working"""
Wireless mouse not responding," ""Robert Brown"""," ""mouse not working"""
Optical mouse not tracking movements," ""Alice Johnson"""," ""mouse not working"""
Mouse wheel not scrolling pages," ""John Smith"""," ""mouse not working"""
Blue screen of death appears after update," ""Sophia Moore"""," ""blue screen of death"""
Unexpected blue screen during video editing," ""Benjamin Taylor"""," ""blue screen of death"""
PC crashes with blue screen while gaming," ""Emma Harris"""," ""blue screen of death"""
Frequent blue screen errors on old laptop," ""Noah Allen"""," ""blue screen of death"""
No audio output from speakers," ""James Baker"""," ""no sound from computer"""
Headphone jack not working on desktop," ""Benjamin Green"""," ""no sound from computer"""
"Sound card failure, no audio on PC"," ""Charlotte Adams"""," ""no sound from computer"""
"Computer mute button stuck, no sound"," ""Sophia Carter"""," ""no sound from computer"""
Media player won't play MP4 files," ""Elijah Roberts"""," ""video not playing"""
Error message when trying to play video file," ""Oliver Johnson"""," ""video not playing"""
"Video streaming stops midway, file format issue"," ""Amelia Garcia"""," ""video not playing"""
Video codec not supported on system," ""Mia Wilson"""," ""video not playing"""
Continuous popup ads on browser," ""Harper Smith"""," ""popup ads are frequent"""
Adware causing frequent pop-ups during browsing," ""Evelyn Clark"""," ""popup ads are frequent"""
Unexpected pop-up ads on startup," ""Amelia Garcia"""," ""popup ads are frequent"""
"Pop-up blocker failing, ads keep appearing"," ""Mia Wilson"""," ""popup ads are frequent"""
Cannot connect to network printer from laptop," ""Jackson Thomas"""," ""cannot print to network printer"""
Network printer not found by office PCs," ""Lily Moore"""," ""cannot print to network printer"""
Documents sent to network printer do not print," ""Jacob Martinez"""," ""cannot print to network printer"""
Printer connection lost on network," ""Lucas Taylor"""," ""cannot print to network printer"""
File recovery failed after system crash," ""Evelyn Young"""," ""lost data"""
Accidental deletion of important documents," ""Harper Lee"""," ""lost data"""
Hard drive failure resulted in data loss," ""Mia Perez"""," ""lost data"""
"Database corrupted, critical data lost"," ""Ava Robinson"""," ""lost data"""
Duplicate IP address error on network," ""Isabella Lewis"""," ""duplicate IP address conflict"""
"IP conflict detected, multiple devices affected"," ""Oliver Walker"""," ""duplicate IP address conflict"""
Network error due to duplicate IP addresses," ""Elijah Adams"""," ""duplicate IP address conflict"""
"Two devices assigned the same IP, causing conflict"," ""Charlotte Wright"""," ""duplicate IP address conflict"""
"Unable to access website, seems down"," ""Logan King"""," ""website not loading"""
Website loading slowly or not at all," ""James Hernandez"""," ""website not loading"""
Site timeout errors repeatedly occurring," ""Amelia Young"""," ""website not loading"""
"Web page unavailable, might be server issues"," ""William Jackson"""," ""website not loading"""
Application blocked by firewall settings," ""Isabella Anderson"""," ""firewall blocking application"""
Firewall prevents software from accessing the network," ""Mason Thompson"""," ""firewall blocking application"""
Game installation blocked by firewall," ""Olivia Garcia"""," ""firewall blocking application"""
Firewall settings stopping app updates," ""Lucas Martinez"""," ""firewall blocking application"""
"Antivirus software out of date, cannot update"," ""Chloe Miller"""," ""outdated antivirus software"""
Security risks due to old antivirus software," ""Michael Clark"""," ""outdated antivirus software"""
Cannot activate antivirus; license expired," ""Emily White"""," ""outdated antivirus software"""
"Antivirus not updating, version too old"," ""Maria Davis"""," ""outdated antivirus software"""
Unauthorized login attempt detected," ""Robert Brown"""," ""unauthorized access detected"""
"Security breach, unauthorized access to accounts"," ""Alice Johnson"""," ""unauthorized access detected"""
Suspicious login from unrecognized location," ""John Smith"""," ""unauthorized access detected"""
Alert for possible unauthorized system access," ""Sophia Moore"""," ""unauthorized access detected"""
Wi-Fi connection drops every few minutes," ""Benjamin Taylor"""," ""Wi-Fi keeps dropping"""
Router frequently disconnects devices," ""Emma Harris"""," ""Wi-Fi keeps dropping"""
Unstable Wi-Fi connection in conference room," ""Noah Allen"""," ""Wi-Fi keeps dropping"""
Frequent Wi-Fi disconnections on all devices," ""James Baker"""," ""Wi-Fi keeps dropping"""
Router configuration errors after reset," ""Benjamin Green"""," ""router setup issues"""
"New router setup, internet not working"," ""Charlotte Adams"""," ""router setup issues"""
Cannot connect devices to newly installed router," ""Sophia Carter"""," ""router setup issues"""
Router not assigning IP addresses," ""Elijah Roberts"""," ""router setup issues"""
"Computer fails to start, no power light"," ""Oliver Johnson"""," ""computer won't boot up"""
"System does not boot, black screen"," ""Amelia Garcia"""," ""computer won't boot up"""
No response from PC on power button press," ""Mia Wilson"""," ""computer won't boot up"""
"Boot error, system asking for system disk"," ""Harper Smith"""," ""computer won't boot up"""
File corruption error when opening documents," ""Evelyn Clark"""," ""corrupted files"""
"Corrupted USB drive, files not accessible"," ""Amelia Garcia"""," ""corrupted files"""
Video files corrupted after system crash," ""Mia Wilson"""," ""corrupted files"""
Corruption detected in downloaded files," ""Jackson Thomas"""," ""corrupted files"""
Smartphone battery drains within hours," ""Lily Moore"""," ""low battery life on device"""
Laptop battery not holding charge," ""Jacob Martinez"""," ""low battery life on device"""
Tablet needs frequent recharging," ""Lucas Taylor"""," ""low battery life on device"""
Excessive battery drain on new device," ""Evelyn Young"""," ""low battery life on device"""
Need to reinstall OS due to system errors," ""Harper Lee"""," ""software needs reinstallation"""
Software reinstallation required after upgrade failure," ""Mia Perez"""," ""software needs reinstallation"""
Reinstalling application to resolve performance issues," ""Ava Robinson"""," ""software needs reinstallation"""
Program malfunction requires complete reinstall," ""Isabella Lewis"""," ""software needs reinstallation"""
Authentication app generating incorrect codes," ""Oliver Walker"""," ""two-factor authentication failure"""
Time sync issues causing 2FA failures," ""Elijah Adams"""," ""two-factor authentication failure"""
2FA token not working after phone update," ""Charlotte Wright"""," ""two-factor authentication failure"""
2FA setup issues on new device," ""Logan King"""," ""two-factor authentication failure"""
External HDD not recognized by laptop," ""James Hernandez"""," ""USB device not recognized"""
Flash drive not showing up on desktop," ""Amelia Young"""," ""USB device not recognized"""
USB ports not detecting any devices," ""William Jackson"""," ""USB device not recognized"""
Printer USB connection intermittently failing," ""Isabella Anderson"""," ""USB device not recognized"""
Zoom audio not working in meeting," ""Mason Thompson"""," ""zoom meeting issues"""
Video freezing during Zoom calls," ""Olivia Garcia"""," ""zoom meeting issues"""
Zoom unable to connect to server," ""Lucas Martinez"""," ""zoom meeting issues"""
"Echo issues in Zoom, disrupting meetings"," ""Chloe Miller"""," ""zoom meeting issues"""
"Email attachment not opening, says file too large"," ""Michael Clark"""," ""email attachment issues"""
Attachment exceeds the allowed limit," ""Emily White"""," ""email attachment issues"""
Cannot send large video files via email," ""Maria Davis"""," ""email attachment issues"""
PDF attachments not downloading from email," ""Robert Brown"""," ""email attachment issues"""
Detected data breach in customer database," ""Alice Johnson"""," ""data breach"""
Unauthorized data extraction from secured files," ""John Smith"""," ""data breach"""
Sensitive information leaked from internal documents," ""Sophia Moore"""," ""data breach"""
Large-scale data breach involving personal data," ""Benjamin Taylor"""," ""data breach"""
File sharing permissions not updating," ""Emma Harris"""," ""file sharing not working"""
Unable to access shared network folder," ""Noah Allen"""," ""file sharing not working"""
Shared drive not visible to team members," ""James Baker"""," ""file sharing not working"""
Problems with file sharing over the corporate network," ""Benjamin Green"""," ""file sharing not working"""
Outdated network adapter causing connectivity issues," ""Charlotte Adams"""," ""outdated network drivers"""
Driver update needed for Wi-Fi stability," ""Sophia Carter"""," ""outdated network drivers"""
Network slowdown due to old drivers," ""Elijah Roberts"""," ""outdated network drivers"""
"LAN connection issues, driver update recommended"," ""Oliver Johnson"""," ""outdated network drivers"""
Cloud storage sync errors on multiple devices," ""Amelia Garcia"""," ""cloud sync problems"""
Files not syncing between phone and cloud," ""Mia Wilson"""," ""cloud sync problems"""
Sync failure with cloud backup service," ""Harper Smith"""," ""cloud sync problems"""
Intermittent cloud connectivity affecting file access," ""Evelyn Clark"""," ""cloud sync problems"""
"Software license expired, application not functional"," ""Amelia Garcia"""," ""application license expired"""
License renewal required for critical software," ""Mia Wilson"""," ""application license expired"""
Expired software license blocking access to features," ""Jackson Thomas"""," ""application license expired"""
Software license issues after company merger," ""Lily Moore"""," ""application license expired"""
Unknown error codes when launching the application," ""Jacob Martinez"""," ""error codes on software"""
Software crashes with error code 0x80004005," ""Lucas Taylor"""," ""error codes on software"""
Error code seen during software update process," ""Evelyn Young"""," ""error codes on software"""
Frequent error messages disrupting workflow," ""Harper Lee"""," ""error codes on software"""
User lacks permissions to access certain files," ""Mia Perez"""," ""insufficient user permissions"""
Access denied due to insufficient user rights," ""Ava Robinson"""," ""insufficient user permissions"""
Permission error when trying to install software," ""Isabella Lewis"""," ""insufficient user permissions"""
Request for elevated permissions to complete task," ""Oliver Walker"""," ""insufficient user permissions"""
organization crashes during high-performance tasks," ""John Smith"""," ""hardware malfunction"""
System crashes during high-performance task," ""John Smith"""," ""hardware malfunction"""
organisation crashes during high-performance tasks," ""John Smith"""," ""hardware malfunction"""
Computer keep_out off randomly," ""Alice Johnson"""," ""hardware malfunction"""
Computer shut off randomly," ""Alice Johnson"""," ""hardware malfunction"""
Computer shuts off arbitrarily," ""Alice Johnson"""," ""hardware malfunction"""
Graphics card go_wrong during rendering," ""Robert Brown"""," ""hardware malfunction"""
Graphics wit fails during rendering," ""Robert Brown"""," ""hardware malfunction"""
Graphics card fails during interpretation," ""Robert Brown"""," ""hardware malfunction"""
Motherboard failure symptoms nowadays," ""Maria Davis"""," ""hardware malfunction"""
Motherboard failure symptoms submit," ""Maria Davis"""," ""hardware malfunction"""
Motherboard loser symptoms present," ""Maria Davis"""," ""hardware malfunction"""
Ethernet cable unplugged subject_matter," ""Emily White"""," ""cable connection lost"""
Ethernet line unplugged message," ""Emily White"""," ""cable connection lost"""
Ethernet cable disconnect message," ""Emily White"""," ""cable connection lost"""
monitor not displaying due to loose VGA cable," ""Michael Clark"""," ""cable connection lost"""
Monitor not displaying due to loose VGA cable," ""Michael Clark"""," ""cable connection lost"""
varan not displaying due to loose VGA cable," ""Michael Clark"""," ""cable connection lost"""
Disconnected network cable error on waiter," ""Chloe Miller"""," ""cable connection lost"""
Disconnected network cable's_length error on server," ""Chloe Miller"""," ""cable connection lost"""
Disconnected network cable mistake on server," ""Chloe Miller"""," ""cable connection lost"""
Printer stopped after USB came at_large," ""Lucas Martinez"""," ""cable connection lost"""
printer stopped after USB came loose," ""Lucas Martinez"""," ""cable connection lost"""
Printer stopped after USB get_along loose," ""Lucas Martinez"""," ""cable connection lost"""
Audio driver issues causing no vocalise," ""Olivia Garcia"""," ""device driver outdated"""
sound_recording driver issues causing no sound," ""Olivia Garcia"""," ""device driver outdated"""
audio_recording driver issues causing no sound," ""Olivia Garcia"""," ""device driver outdated"""
"Touchscreen unresponsive, driver progeny suspected"," ""Mason Thompson"""," ""device driver outdated"""
"Touchscreen unresponsive, driver issue suspect"," ""Mason Thompson"""," ""device driver outdated"""
"Touchscreen unresponsive, device_driver issue suspected"," ""Mason Thompson"""," ""device driver outdated"""
Wireless network batting_order driver out of date," ""Isabella Anderson"""," ""device driver outdated"""
Wireless network card driver out of go_steady," ""Isabella Anderson"""," ""device driver outdated"""
Wireless network card driver out of date," ""Isabella Anderson"""," ""device driver outdated"""
Video number_one_wood error after system update," ""William Jackson"""," ""device driver outdated"""
Video driver error after arrangement update," ""William Jackson"""," ""device driver outdated"""
Video driver fault after system update," ""William Jackson"""," ""device driver outdated"""
Login failed with correct countersign," ""Sophia Moore"""," ""incorrect credentials"""
Login failed with correct watchword," ""Sophia Moore"""," ""incorrect credentials"""
Login failed with correct parole," ""Sophia Moore"""," ""incorrect credentials"""
Access denied with outdated user credentials," ""Benjamin Taylor"""," ""incorrect credentials"""
Access denied with outdated user certificate," ""Benjamin Taylor"""," ""incorrect credentials"""
Access denied with out-of-date user credentials," ""Benjamin Taylor"""," ""incorrect credentials"""
Database access failure due to credential mismatch," ""Emma Harris"""," ""incorrect credentials"""
Database admission failure due to credential mismatch," ""Emma Harris"""," ""incorrect credentials"""
database access failure due to credential mismatch," ""Emma Harris"""," ""incorrect credentials"""
Security credentials not recognize during remote login," ""Noah Allen"""," ""incorrect credentials"""
security credentials not recognized during remote login," ""Noah Allen"""," ""incorrect credentials"""
Security credential not recognized during remote login," ""Noah Allen"""," ""incorrect credentials"""
picture player requires additional software plugin," ""Amelia Young"""," ""software plugin is not installed"""
Video player want additional software plugin," ""Amelia Young"""," ""software plugin is not installed"""
Video player requires additional software plugin," ""Amelia Young"""," ""software plugin is not installed"""
Web conferencing tool asks for plugin induction," ""James Hernandez"""," ""software plugin is not installed"""
net conferencing tool asks for plugin installation," ""James Hernandez"""," ""software plugin is not installed"""
Web conferencing prick asks for plugin installation," ""James Hernandez"""," ""software plugin is not installed"""
Document editing software missing command plugin," ""Logan King"""," ""software plugin is not installed"""
document editing software missing required plugin," ""Logan King"""," ""software plugin is not installed"""
Document editing software wanting required plugin," ""Logan King"""," ""software plugin is not installed"""
Browser plugin requisite for online banking tool," ""Charlotte Wright"""," ""software plugin is not installed"""
Browser plugin required for online banking tool," ""Charlotte Wright"""," ""software plugin is not installed"""
Browser plugin required for online banking creature," ""Charlotte Wright"""," ""software plugin is not installed"""
Password reset failed due to server error," ""Elijah Adams"""," ""failed to update password"""
countersign reset failed due to server error," ""Elijah Adams"""," ""failed to update password"""
Password reset give_way due to server error," ""Elijah Adams"""," ""failed to update password"""
User unable to update password on offset attempt," ""Oliver Walker"""," ""failed to update password"""
User unable to update password on first attempt," ""Oliver Walker"""," ""failed to update password"""
User unable to update word on first attempt," ""Oliver Walker"""," ""failed to update password"""
Failed password change on company hepatic_portal_vein," ""Isabella Lewis"""," ""failed to update password"""
Failed password change on companion portal," ""Isabella Lewis"""," ""failed to update password"""
Failed password commute on company portal," ""Isabella Lewis"""," ""failed to update password"""
iterate failure notifications during password update," ""Ava Robinson"""," ""failed to update password"""
Repeated failure notifications during word update," ""Ava Robinson"""," ""failed to update password"""
Repeated unsuccessful_person notifications during password update," ""Ava Robinson"""," ""failed to update password"""
Printer error 'paper jam' when stress to print high volume," ""Mia Perez"""," ""printer is malfunctioning"""
Printer wrongdoing 'paper jam' when trying to print high volume," ""Mia Perez"""," ""printer is malfunctioning"""
Printer error 'paper jam' when trying to print high loudness," ""Mia Perez"""," ""printer is malfunctioning"""
"printing_machine not printing, displaying 'service required'"," ""Harper Lee"""," ""printer is malfunctioning"""
"Printer not printing, exhibit 'service required'"," ""Harper Lee"""," ""printer is malfunctioning"""
"printing_machine not printing, displaying 'service required'"," ""Harper Lee"""," ""printer is malfunctioning"""
Printer error messages prevent farm_out completion," ""Evelyn Young"""," ""printer is malfunctioning"""
Printer error substance prevent job completion," ""Evelyn Young"""," ""printer is malfunctioning"""
Printer error messages prevent job windup," ""Evelyn Young"""," ""printer is malfunctioning"""
printer stuck on 'warming up' indefinitely," ""Jackson White"""," ""printer is malfunctioning"""
pressman stuck on 'warming up' indefinitely," ""Jackson White"""," ""printer is malfunctioning"""
Printer perplex on 'warming up' indefinitely," ""Jackson White"""," ""printer is malfunctioning"""
Ink cartridge empty warning despite recent replacement," ""Lily Scott"""," ""printer has run out of ink"""
Ink pickup empty warning despite recent replacement," ""Lily Scott"""," ""printer has run out of ink"""
Ink cartridge empty cautionary despite recent replacement," ""Lily Scott"""," ""printer has run out of ink"""
"Printer color output very faint, probable ink issues"," ""Jacob Torres"""," ""printer has run out of ink"""
"Printer color output very faint, likely ink emergence"," ""Jacob Torres"""," ""printer has run out of ink"""
"Printer color output very faint, likely ink issues"," ""Jacob Torres"""," ""printer has run out of ink"""
Black ink depleted faster than expected," ""Lucas Nguyen"""," ""printer has run out of ink"""
Black ink use_up faster than expected," ""Lucas Nguyen"""," ""printer has run out of ink"""
Black ink depleted loyal than expected," ""Lucas Nguyen"""," ""printer has run out of ink"""
"Printer refuses to print blue, suggest magenta low"," ""Mason Hill"""," ""printer has run out of ink"""
"Printer refuses to print blue, signal magenta low"," ""Mason Hill"""," ""printer has run out of ink"""
"pressman refuses to print blue, indicates magenta low"," ""Mason Hill"""," ""printer has run out of ink"""
"SAP login inaccessible, server down content"," ""Ella Ramirez"""," ""SAP server is currently down"""
"SAP login inaccessible, server down substance"," ""Ella Ramirez"""," ""SAP server is currently down"""
"SAP login inaccessible, host down message"," ""Ella Ramirez"""," ""SAP server is currently down"""
"Cannot retrieve data from SAP, server downtime on-going"," ""Alexander Wright"""," ""SAP server is currently down"""
"Cannot retrieve data from SAP, server downtime ongoing"," ""Alexander Wright"""," ""SAP server is currently down"""
"Cannot retrieve datum from SAP, server downtime ongoing"," ""Alexander Wright"""," ""SAP server is currently down"""
"SAP financial mental_faculty unavailable, server maintenance"," ""James Baker"""," ""SAP server is currently down"""
"fool financial module unavailable, server maintenance"," ""James Baker"""," ""SAP server is currently down"""
"SAP financial module unavailable, waiter maintenance"," ""James Baker"""," ""SAP server is currently down"""
"cosh HR portal unresponsive, server outage suspected"," ""Benjamin Green"""," ""SAP server is currently down"""
"SAP hr portal unresponsive, server outage suspected"," ""Benjamin Green"""," ""SAP server is currently down"""
"SAP HR portal unresponsive, server outage suspect"," ""Benjamin Green"""," ""SAP server is currently down"""
"File server answer timeout, critical operations delayed"," ""Charlotte Adams"""," ""server is not responding"""
"file_cabinet server response timeout, critical operations delayed"," ""Charlotte Adams"""," ""server is not responding"""
"File server reaction timeout, critical operations delayed"," ""Charlotte Adams"""," ""server is not responding"""
Database waiter stopped responding mid-query," ""Sophia Carter"""," ""server is not responding"""
database server stopped responding mid-query," ""Sophia Carter"""," ""server is not responding"""
Database server stopped responding mid-query," ""Sophia Carter"""," ""server is not responding"""
"Application server did not respond, timing out"," ""Elijah Roberts"""," ""server is not responding"""
"Application waiter did not respond, timing out"," ""Elijah Roberts"""," ""server is not responding"""
"Application host did not respond, timing out"," ""Elijah Roberts"""," ""server is not responding"""
Media server dropped connectedness during streaming," ""Oliver Johnson"""," ""server is not responding"""
Media waiter dropped connection during streaming," ""Oliver Johnson"""," ""server is not responding"""
Media server flatten connection during streaming," ""Oliver Johnson"""," ""server is not responding"""
IT bear requested for new account creation," ""Amelia Garcia"""," ""new service request is needed"""
IT support requested for new account innovation," ""Amelia Garcia"""," ""new service request is needed"""
IT backing requested for new account creation," ""Amelia Garcia"""," ""new service request is needed"""
New hardware petition form needs submission," ""Mia Wilson"""," ""new service request is needed"""
New hardware request form needs submission," ""Mia Wilson"""," ""new service request is needed"""
New ironware request form needs submission," ""Mia Wilson"""," ""new service request is needed"""
Requesting access to narrow_down software," ""Harper Smith"""," ""new service request is needed"""
Requesting approach to specialized software," ""Harper Smith"""," ""new service request is needed"""
request access to specialized software," ""Harper Smith"""," ""new service request is needed"""
forge submission required for additional network access," ""Evelyn Clark"""," ""new service request is needed"""
Form submission required for additional mesh access," ""Evelyn Clark"""," ""new service request is needed"""
Form submission ask for additional network access," ""Evelyn Clark"""," ""new service request is needed"""
"Data inaccessible, network crusade not responding"," ""Jackson Thomas"""," ""network switch has failed"""
"information inaccessible, network drive not responding"," ""Jackson Thomas"""," ""network switch has failed"""
"data_point inaccessible, network drive not responding"," ""Jackson Thomas"""," ""network switch has failed"""
"Local area network down, suspect swap failure"," ""Lily Moore"""," ""network switch has failed"""
"Local sphere network down, suspect switch failure"," ""Lily Moore"""," ""network switch has failed"""
"Local area network down, suspect switching failure"," ""Lily Moore"""," ""network switch has failed"""
"Switch lights off, web segment down"," ""Jacob Martinez"""," ""network switch has failed"""
"Switch lights off, meshing segment down"," ""Jacob Martinez"""," ""network switch has failed"""
"Switch illuminate off, network segment down"," ""Jacob Martinez"""," ""network switch has failed"""
"change_over reboot required, connectivity issues detected"," ""Lucas Taylor"""," ""network switch has failed"""
"Switch reboot required, connectivity issues detected"," ""Lucas Taylor"""," ""network switch has failed"""
"Switch reboot required, connectivity issues detected"," ""Lucas Taylor"""," ""network switch has failed"""
Emails not updating on phone," ""Lily Moore"""," ""email not syncing"""
Emails not updating on phone," ""Lily Moore"""," ""email not syncing"""
netmail not updating on phone," ""Lily Moore"""," ""email not syncing"""
mind-set fails to sync emails over Wi-Fi," ""Jacob Martinez"""," ""email not syncing"""
Outlook fails to synchronize emails over Wi-Fi," ""Jacob Martinez"""," ""email not syncing"""
lookout fails to sync emails over Wi-Fi," ""Jacob Martinez"""," ""email not syncing"""
Sync issues with corporate email on mobile device," ""Lucas Taylor"""," ""email not syncing"""
Sync progeny with corporate email on mobile device," ""Lucas Taylor"""," ""email not syncing"""
Sync issues with corporate email on mobile gimmick," ""Lucas Taylor"""," ""email not syncing"""
netmail client stuck on 'updating inbox'," ""Jackson Thomas"""," ""email not syncing"""
Email client stick on 'updating inbox'," ""Jackson Thomas"""," ""email not syncing"""
netmail client stuck on 'updating inbox'," ""Jackson Thomas"""," ""email not syncing"""
VPN disconnects oftentimes during sessions," ""Mia Wilson"""," ""VPN connection failed"""
VPN disconnect frequently during sessions," ""Mia Wilson"""," ""VPN connection failed"""
VPN disconnects often during sessions," ""Mia Wilson"""," ""VPN connection failed"""
neglect to establish a secure connection via VPN," ""Harper Smith"""," ""VPN connection failed"""
Failed to establish a procure connection via VPN," ""Harper Smith"""," ""VPN connection failed"""
Failed to constitute a secure connection via VPN," ""Harper Smith"""," ""VPN connection failed"""
VPN error due to incorrect server detail," ""Evelyn Clark"""," ""VPN connection failed"""
VPN error due to incorrect server details," ""Evelyn Clark"""," ""VPN connection failed"""
VPN error due to incorrect server contingent," ""Evelyn Clark"""," ""VPN connection failed"""
Remote access denied by VPN gateway," ""Amelia Garcia"""," ""VPN connection failed"""
outside access denied by VPN gateway," ""Amelia Garcia"""," ""VPN connection failed"""
outside access denied by VPN gateway," ""Amelia Garcia"""," ""VPN connection failed"""
Notification to free up disk outer_space on C:," ""Oliver Johnson"""," ""hard drive is full"""
Notification to free up magnetic_disc space on C:," ""Oliver Johnson"""," ""hard drive is full"""
Notification to free up disk place on C:," ""Oliver Johnson"""," ""hard drive is full"""
"User ineffectual to download files, disk space low"," ""Elijah Roberts"""," ""hard drive is full"""
"User unable to download files, disk space blue"," ""Elijah Roberts"""," ""hard drive is full"""
"User unable to download files, disk space low"," ""Elijah Roberts"""," ""hard drive is full"""
Insufficient storage warning when install apps," ""Sophia Carter"""," ""hard drive is full"""
Insufficient computer_memory warning when installing apps," ""Sophia Carter"""," ""hard drive is full"""
Insufficient storehouse warning when installing apps," ""Sophia Carter"""," ""hard drive is full"""
"arduous drive capacity exceeded, system slow"," ""Charlotte Adams"""," ""hard drive is full"""
"unvoiced drive capacity exceeded, system slow"," ""Charlotte Adams"""," ""hard drive is full"""
"Hard drive capacity exceeded, system dim"," ""Charlotte Adams"""," ""hard drive is full"""
Laptop overheat and shutting down frequently," ""Benjamin Green"""," ""system overheating"""
laptop overheating and shutting down frequently," ""Benjamin Green"""," ""system overheating"""
Laptop overheating and shut_out down frequently," ""Benjamin Green"""," ""system overheating"""
"Server room temperature too high, affecting carrying_out"," ""James Baker"""," ""system overheating"""
"Server room temperature too high, dissemble performance"," ""James Baker"""," ""system overheating"""
"Server room temperature too high, affecting performance"," ""James Baker"""," ""system overheating"""
"Computer fan running constantly, overheating issue"," ""Alexander Wright"""," ""system overheating"""
"Computer fan running constantly, overheating take"," ""Alexander Wright"""," ""system overheating"""
"Computer fan running constantly, overheating issue"," ""Alexander Wright"""," ""system overheating"""
Graphics workstation overheats during rendering," ""Ella Ramirez"""," ""system overheating"""
art workstation overheats during rendering," ""Ella Ramirez"""," ""system overheating"""
Graphics workstation overheat during rendering," ""Ella Ramirez"""," ""system overheating"""
"Password forgotten, cannot access fellowship portal"," ""Mason Hill"""," ""forgotten password"""
"Password forgotten, cannot access keep_company portal"," ""Mason Hill"""," ""forgotten password"""
"parole forgotten, cannot access company portal"," ""Mason Hill"""," ""forgotten password"""
User unable to log in after draw_a_blank password," ""Lucas Nguyen"""," ""forgotten password"""
User unable to log in after forgetting word," ""Lucas Nguyen"""," ""forgotten password"""
User ineffective to log in after forgetting password," ""Lucas Nguyen"""," ""forgotten password"""
Password retrieval not figure_out for email," ""Jacob Torres"""," ""forgotten password"""
Password retrieval not working for e-mail," ""Jacob Torres"""," ""forgotten password"""
Password recovery not working for email," ""Jacob Torres"""," ""forgotten password"""
Forgot countersign for encrypted file," ""Lily Scott"""," ""forgotten password"""
Forgot parole for encrypted file," ""Lily Scott"""," ""forgotten password"""
Forgot countersign for encrypted file," ""Lily Scott"""," ""forgotten password"""
Software crashes when opening large register," ""Jackson White"""," ""frequent software crashes"""
Software crashes when scuttle large files," ""Jackson White"""," ""frequent software crashes"""
Software crashes when opening gravid files," ""Jackson White"""," ""frequent software crashes"""
Application repeatedly doss_down during startup," ""Evelyn Young"""," ""frequent software crashes"""
Application repeatedly barge_in during startup," ""Evelyn Young"""," ""frequent software crashes"""
Application repeatedly crashes during startup," ""Evelyn Young"""," ""frequent software crashes"""
Program stops answer with complex operations," ""Harper Lee"""," ""frequent software crashes"""
Program stops reply with complex operations," ""Harper Lee"""," ""frequent software crashes"""
Program break responding with complex operations," ""Harper Lee"""," ""frequent software crashes"""
Frequent crashes during data_point processing tasks," ""Mia Perez"""," ""frequent software crashes"""
Frequent crashes during data processing chore," ""Mia Perez"""," ""frequent software crashes"""
Frequent clangoring during data processing tasks," ""Mia Perez"""," ""frequent software crashes"""
Computer slacken down with multiple programs open," ""Ava Robinson"""," ""slow computer performance"""
Computer slows down with multiple syllabus open," ""Ava Robinson"""," ""slow computer performance"""
Computer slows down with multiple programs open," ""Ava Robinson"""," ""slow computer performance"""
Performance put_behind_bars during multitasking on PC," ""Isabella Lewis"""," ""slow computer performance"""
execution lag during multitasking on PC," ""Isabella Lewis"""," ""slow computer performance"""
Performance remand during multitasking on PC," ""Isabella Lewis"""," ""slow computer performance"""
Old computer struggles with new software_program updates," ""Oliver Walker"""," ""slow computer performance"""
Old computer struggles with new software update," ""Oliver Walker"""," ""slow computer performance"""
Old computer struggles with new software update," ""Oliver Walker"""," ""slow computer performance"""
"System slowdown, possibly ascribable to malware"," ""Elijah Adams"""," ""slow computer performance"""
"System slowdown, perhaps due to malware"," ""Elijah Adams"""," ""slow computer performance"""
"System slowdown, peradventure due to malware"," ""Elijah Adams"""," ""slow computer performance"""
Tablet won't connect to home Wi-Fi net," ""Charlotte Wright"""," ""mobile device not connecting to WiFi"""
Tablet won't tie_in to home Wi-Fi network," ""Charlotte Wright"""," ""mobile device not connecting to WiFi"""
Tablet won't unite to home Wi-Fi network," ""Charlotte Wright"""," ""mobile device not connecting to WiFi"""
Smartphone loses Wi-Fi connection in certain areas," ""Logan King"""," ""mobile device not connecting to WiFi"""
Smartphone loses Wi-Fi connection in sure areas," ""Logan King"""," ""mobile device not connecting to WiFi"""
Smartphone loses Wi-Fi connective in certain areas," ""Logan King"""," ""mobile device not connecting to WiFi"""
Wi-Fi not showing up on laptop," ""James Hernandez"""," ""mobile device not connecting to WiFi"""
Wi-Fi not showing up on laptop_computer," ""James Hernandez"""," ""mobile device not connecting to WiFi"""
Wi-Fi not point up on laptop," ""James Hernandez"""," ""mobile device not connecting to WiFi"""
Mobile speech_sound intermittent Wi-Fi connectivity," ""Amelia Young"""," ""mobile device not connecting to WiFi"""
Mobile phone intermittent Wi-Fi connectivity," ""Amelia Young"""," ""mobile device not connecting to WiFi"""
Mobile phone intermittent Wi-Fi connectivity," ""Amelia Young"""," ""mobile device not connecting to WiFi"""
data_file format not supported error when opening document," ""William Jackson"""," ""unable to open a file"""
File format not supported computer_error when opening document," ""William Jackson"""," ""unable to open a file"""
File format not supported error when opening papers," ""William Jackson"""," ""unable to open a file"""
"Document corrupted, cannot be spread"," ""Isabella Anderson"""," ""unable to open a file"""
"Document corrupted, cannot be spread"," ""Isabella Anderson"""," ""unable to open a file"""
"Document corrupted, cannot be open"," ""Isabella Anderson"""," ""unable to open a file"""
Cannot open downloaded register from email," ""Mason Thompson"""," ""unable to open a file"""
Cannot open downloaded single_file from email," ""Mason Thompson"""," ""unable to open a file"""
Cannot open downloaded file from electronic_mail," ""Mason Thompson"""," ""unable to open a file"""
fault opening file on external drive," ""Olivia Garcia"""," ""unable to open a file"""
computer_error opening file on external drive," ""Olivia Garcia"""," ""unable to open a file"""
Error opening file on external driveway," ""Olivia Garcia"""," ""unable to open a file"""
Keyboard identify sticking or not registering presses," ""Lucas Martinez"""," ""keyboard malfunction"""
Keyboard keys sticking or not cross-file presses," ""Lucas Martinez"""," ""keyboard malfunction"""
Keyboard keys sticking or not read presses," ""Lucas Martinez"""," ""keyboard malfunction"""
Bluetooth keyboard intermittently disconnecting," ""Chloe Miller"""," ""keyboard malfunction"""
Bluetooth keyboard intermittently disconnecting," ""Chloe Miller"""," ""keyboard malfunction"""
Bluetooth keyboard intermittently disconnect," ""Chloe Miller"""," ""keyboard malfunction"""
tuner keyboard not working after battery change," ""Michael Clark"""," ""keyboard malfunction"""
wireless keyboard not working after battery change," ""Michael Clark"""," ""keyboard malfunction"""
radiocommunication keyboard not working after battery change," ""Michael Clark"""," ""keyboard malfunction"""
Keyboard spill causing paint to malfunction," ""Emily White"""," ""keyboard malfunction"""
Keyboard spill get keys to malfunction," ""Emily White"""," ""keyboard malfunction"""
Keyboard spill causing keys to malfunction," ""Emily White"""," ""keyboard malfunction"""
Mouse cursor freeze_down on screen," ""Maria Davis"""," ""mouse not working"""
Mouse cursor suspend on screen," ""Maria Davis"""," ""mouse not working"""
Mouse cursor freeze on screen," ""Maria Davis"""," ""mouse not working"""
Wireless black_eye not responding," ""Robert Brown"""," ""mouse not working"""
receiving_set mouse not responding," ""Robert Brown"""," ""mouse not working"""
radiocommunication mouse not responding," ""Robert Brown"""," ""mouse not working"""
opthalmic mouse not tracking movements," ""Alice Johnson"""," ""mouse not working"""
Optical shiner not tracking movements," ""Alice Johnson"""," ""mouse not working"""
Optical pussyfoot not tracking movements," ""Alice Johnson"""," ""mouse not working"""
Mouse bicycle not scrolling pages," ""John Smith"""," ""mouse not working"""
Mouse wheel not scrolling page," ""John Smith"""," ""mouse not working"""
black_eye wheel not scrolling pages," ""John Smith"""," ""mouse not working"""
Blue screen of death appears after update," ""Sophia Moore"""," ""blue screen of death"""
Blue screen of death come_out after update," ""Sophia Moore"""," ""blue screen of death"""
Blue screen of dying appears after update," ""Sophia Moore"""," ""blue screen of death"""
Unexpected drab screen during video editing," ""Benjamin Taylor"""," ""blue screen of death"""
Unexpected blue screen during TV editing," ""Benjamin Taylor"""," ""blue screen of death"""
Unexpected blue screen during video delete," ""Benjamin Taylor"""," ""blue screen of death"""
PC crashes with blue-blooded screen while gaming," ""Emma Harris"""," ""blue screen of death"""
PC crashes with blue screen while punt," ""Emma Harris"""," ""blue screen of death"""
PC crashes with blue screen while gage," ""Emma Harris"""," ""blue screen of death"""
shop_at blue screen errors on old laptop," ""Noah Allen"""," ""blue screen of death"""
Frequent blue screen errors on quondam laptop," ""Noah Allen"""," ""blue screen of death"""
Frequent blue screen erroneous_belief on old laptop," ""Noah Allen"""," ""blue screen of death"""
No sound output from speakers," ""James Baker"""," ""no sound from computer"""
No audio output from speakers," ""James Baker"""," ""no sound from computer"""
No audio output from talker," ""James Baker"""," ""no sound from computer"""
earpiece jack not working on desktop," ""Benjamin Green"""," ""no sound from computer"""
Headphone jack not mould on desktop," ""Benjamin Green"""," ""no sound from computer"""
earphone jack not working on desktop," ""Benjamin Green"""," ""no sound from computer"""
"Sound card failure, no audio on PC"," ""Charlotte Adams"""," ""no sound from computer"""
"Sound circuit_card failure, no audio on PC"," ""Charlotte Adams"""," ""no sound from computer"""
"Sound posting failure, no audio on PC"," ""Charlotte Adams"""," ""no sound from computer"""
"Computer wordless button stuck, no sound"," ""Sophia Carter"""," ""no sound from computer"""
"Computer mute button stuck, no level-headed"," ""Sophia Carter"""," ""no sound from computer"""
"Computer mute button stuck, no good"," ""Sophia Carter"""," ""no sound from computer"""
Media player won't play MP4 Indian_file," ""Elijah Roberts"""," ""video not playing"""
Media player won't play MP4 Indian_file," ""Elijah Roberts"""," ""video not playing"""
medium player won't play MP4 files," ""Elijah Roberts"""," ""video not playing"""
Error message when assay to play video file," ""Oliver Johnson"""," ""video not playing"""
Error message when trying to play video file," ""Oliver Johnson"""," ""video not playing"""
Error message when try to play video file," ""Oliver Johnson"""," ""video not playing"""
"Video swarm stops midway, file format issue"," ""Amelia Garcia"""," ""video not playing"""
"Video pullulate stops midway, file format issue"," ""Amelia Garcia"""," ""video not playing"""
"Video streaming stops midway, file format issue"," ""Amelia Garcia"""," ""video not playing"""
telecasting codec not supported on system," ""Mia Wilson"""," ""video not playing"""
Video codec not supported on arrangement," ""Mia Wilson"""," ""video not playing"""
Video codec not endure on system," ""Mia Wilson"""," ""video not playing"""
Continuous popup ads on web_browser," ""Harper Smith"""," ""popup ads are frequent"""
Continuous popup advertisement on browser," ""Harper Smith"""," ""popup ads are frequent"""
uninterrupted popup ads on browser," ""Harper Smith"""," ""popup ads are frequent"""
Adware cause frequent pop-ups during browsing," ""Evelyn Clark"""," ""popup ads are frequent"""
Adware causing haunt pop-ups during browsing," ""Evelyn Clark"""," ""popup ads are frequent"""
Adware get frequent pop-ups during browsing," ""Evelyn Clark"""," ""popup ads are frequent"""
unexpected pop-up ads on startup," ""Amelia Garcia"""," ""popup ads are frequent"""
Unexpected pop_fly ads on startup," ""Amelia Garcia"""," ""popup ads are frequent"""
unexpected pop-up ads on startup," ""Amelia Garcia"""," ""popup ads are frequent"""
"pop-fly blocker failing, ads keep appearing"," ""Mia Wilson"""," ""popup ads are frequent"""
"pop-fly blocker failing, ads keep appearing"," ""Mia Wilson"""," ""popup ads are frequent"""
"Pop-up blocker failing, ads keep come_out"," ""Mia Wilson"""," ""popup ads are frequent"""
Cannot connect to network printer from laptop_computer," ""Jackson Thomas"""," ""cannot print to network printer"""
Cannot connect to network printer from laptop," ""Jackson Thomas"""," ""cannot print to network printer"""
Cannot connect to mesh printer from laptop," ""Jackson Thomas"""," ""cannot print to network printer"""
Network printing_machine not found by office PCs," ""Lily Moore"""," ""cannot print to network printer"""
Network printer not find_oneself by office PCs," ""Lily Moore"""," ""cannot print to network printer"""
Network printer not discover by office PCs," ""Lily Moore"""," ""cannot print to network printer"""
Documents sent to network pressman do not print," ""Jacob Martinez"""," ""cannot print to network printer"""
written_document sent to network printer do not print," ""Jacob Martinez"""," ""cannot print to network printer"""
Documents sent to network printer do not print," ""Jacob Martinez"""," ""cannot print to network printer"""
pressman connection lost on network," ""Lucas Taylor"""," ""cannot print to network printer"""
Printer connection baffled on network," ""Lucas Taylor"""," ""cannot print to network printer"""
Printer association lost on network," ""Lucas Taylor"""," ""cannot print to network printer"""
File recovery betray after system crash," ""Evelyn Young"""," ""lost data"""
File retrieval failed after system crash," ""Evelyn Young"""," ""lost data"""
charge recovery failed after system crash," ""Evelyn Young"""," ""lost data"""
Accidental omission of important documents," ""Harper Lee"""," ""lost data"""
Accidental deletion of important text_file," ""Harper Lee"""," ""lost data"""
Accidental deletion of significant documents," ""Harper Lee"""," ""lost data"""
Hard drive failure resulted in data_point loss," ""Mia Perez"""," ""lost data"""
Hard repulse failure resulted in data loss," ""Mia Perez"""," ""lost data"""
knockout drive failure resulted in data loss," ""Mia Perez"""," ""lost data"""
"Database corrupted, critical data_point lost"," ""Ava Robinson"""," ""lost data"""
"database corrupted, critical data lost"," ""Ava Robinson"""," ""lost data"""
"database corrupted, critical data lost"," ""Ava Robinson"""," ""lost data"""
reduplicate IP address error on network," ""Isabella Lewis"""," ""duplicate IP address conflict"""
Duplicate IP address computer_error on network," ""Isabella Lewis"""," ""duplicate IP address conflict"""
Duplicate IP address computer_error on network," ""Isabella Lewis"""," ""duplicate IP address conflict"""
"IP conflict detected, multiple devices touched"," ""Oliver Walker"""," ""duplicate IP address conflict"""
"information_science conflict detected, multiple devices affected"," ""Oliver Walker"""," ""duplicate IP address conflict"""
"IP conflict detected, multiple devices impress"," ""Oliver Walker"""," ""duplicate IP address conflict"""
Network error ascribable to duplicate IP addresses," ""Elijah Adams"""," ""duplicate IP address conflict"""
Network error due to duplicate IP speak," ""Elijah Adams"""," ""duplicate IP address conflict"""
Network error due to duplicate IP turn_to," ""Elijah Adams"""," ""duplicate IP address conflict"""
"ii devices assigned the same IP, causing conflict"," ""Charlotte Wright"""," ""duplicate IP address conflict"""
"ii devices assigned the same IP, causing conflict"," ""Charlotte Wright"""," ""duplicate IP address conflict"""
"Two devices assigned the same IP, make conflict"," ""Charlotte Wright"""," ""duplicate IP address conflict"""
"Unable to access website, appear down"," ""Logan King"""," ""website not loading"""
"Unable to access website, appear down"," ""Logan King"""," ""website not loading"""
"ineffective to access website, seems down"," ""Logan King"""," ""website not loading"""
Website loading slow or not at all," ""James Hernandez"""," ""website not loading"""
Website loading easy or not at all," ""James Hernandez"""," ""website not loading"""
internet_site loading slowly or not at all," ""James Hernandez"""," ""website not loading"""
land_site timeout errors repeatedly occurring," ""Amelia Young"""," ""website not loading"""
Site timeout errors repeatedly occurring," ""Amelia Young"""," ""website not loading"""
Site timeout errors repeatedly take_place," ""Amelia Young"""," ""website not loading"""
"Web page unavailable, might be server way_out"," ""William Jackson"""," ""website not loading"""
"Web page unavailable, might be server result"," ""William Jackson"""," ""website not loading"""
"Web page unavailable, power be server issues"," ""William Jackson"""," ""website not loading"""
Application blocked by firewall context," ""Isabella Anderson"""," ""firewall blocking application"""
Application immobilize by firewall settings," ""Isabella Anderson"""," ""firewall blocking application"""
Application blocked by firewall settings," ""Isabella Anderson"""," ""firewall blocking application"""
Firewall prevent software from accessing the network," ""Mason Thompson"""," ""firewall blocking application"""
Firewall prevents software from accessing the network," ""Mason Thompson"""," ""firewall blocking application"""
Firewall prevents software from accessing the net," ""Mason Thompson"""," ""firewall blocking application"""
Game installation blocked by firewall," ""Olivia Garcia"""," ""firewall blocking application"""
Game installation blocked by firewall," ""Olivia Garcia"""," ""firewall blocking application"""
Game installation stop by firewall," ""Olivia Garcia"""," ""firewall blocking application"""
Firewall setting stopping app updates," ""Lucas Martinez"""," ""firewall blocking application"""
Firewall settings end app updates," ""Lucas Martinez"""," ""firewall blocking application"""
Firewall context stopping app updates," ""Lucas Martinez"""," ""firewall blocking application"""
"Antivirus software_program out of date, cannot update"," ""Chloe Miller"""," ""outdated antivirus software"""
"Antivirus software_package out of date, cannot update"," ""Chloe Miller"""," ""outdated antivirus software"""
"Antivirus software out of date, cannot update"," ""Chloe Miller"""," ""outdated antivirus software"""
Security put_on_the_line due to old antivirus software," ""Michael Clark"""," ""outdated antivirus software"""
Security risks imputable to old antivirus software," ""Michael Clark"""," ""outdated antivirus software"""
Security risks due to old antivirus software," ""Michael Clark"""," ""outdated antivirus software"""
Cannot activate antivirus; license expired," ""Emily White"""," ""outdated antivirus software"""
Cannot activate antivirus; license die," ""Emily White"""," ""outdated antivirus software"""
Cannot activate antivirus; license croak," ""Emily White"""," ""outdated antivirus software"""
"Antivirus not updating, translation too old"," ""Maria Davis"""," ""outdated antivirus software"""
"Antivirus not updating, interlingual_rendition too old"," ""Maria Davis"""," ""outdated antivirus software"""
"Antivirus not updating, version too one-time"," ""Maria Davis"""," ""outdated antivirus software"""
wildcat login attempt detected," ""Robert Brown"""," ""unauthorized access detected"""
Unauthorized login undertake detected," ""Robert Brown"""," ""unauthorized access detected"""
Unauthorized login attempt observe," ""Robert Brown"""," ""unauthorized access detected"""
"Security breach, unauthorized memory_access to accounts"," ""Alice Johnson"""," ""unauthorized access detected"""
"certificate breach, unauthorized access to accounts"," ""Alice Johnson"""," ""unauthorized access detected"""
"security breach, unauthorized access to accounts"," ""Alice Johnson"""," ""unauthorized access detected"""
suspect login from unrecognized location," ""John Smith"""," ""unauthorized access detected"""
leery login from unrecognized location," ""John Smith"""," ""unauthorized access detected"""
funny login from unrecognized location," ""John Smith"""," ""unauthorized access detected"""
Alert for potential unauthorized system access," ""Sophia Moore"""," ""unauthorized access detected"""
Alert for possible unauthorised system access," ""Sophia Moore"""," ""unauthorized access detected"""
Alert for possible unauthorized system access," ""Sophia Moore"""," ""unauthorized access detected"""
Wi-Fi connection drops every few minutes," ""Benjamin Taylor"""," ""Wi-Fi keeps dropping"""
Wi-Fi connection drops every few minutes," ""Benjamin Taylor"""," ""Wi-Fi keeps dropping"""
Wi-Fi connection drops every few instant," ""Benjamin Taylor"""," ""Wi-Fi keeps dropping"""
Router ofttimes disconnects devices," ""Emma Harris"""," ""Wi-Fi keeps dropping"""
router frequently disconnects devices," ""Emma Harris"""," ""Wi-Fi keeps dropping"""
Router often disconnects devices," ""Emma Harris"""," ""Wi-Fi keeps dropping"""
Unstable Wi-Fi connection in conference way," ""Noah Allen"""," ""Wi-Fi keeps dropping"""
Unstable Wi-Fi association in conference room," ""Noah Allen"""," ""Wi-Fi keeps dropping"""
Unstable Wi-Fi connection in conference board," ""Noah Allen"""," ""Wi-Fi keeps dropping"""
Frequent Wi-Fi disjunction on all devices," ""James Baker"""," ""Wi-Fi keeps dropping"""
Frequent Wi-Fi disconnections on all device," ""James Baker"""," ""Wi-Fi keeps dropping"""
Frequent Wi-Fi disconnection on all devices," ""James Baker"""," ""Wi-Fi keeps dropping"""
Router configuration errors after reset," ""Benjamin Green"""," ""router setup issues"""
router configuration errors after reset," ""Benjamin Green"""," ""router setup issues"""
router configuration errors after reset," ""Benjamin Green"""," ""router setup issues"""
"New router setup, internet not working"," ""Charlotte Adams"""," ""router setup issues"""
"New router setup, internet not working"," ""Charlotte Adams"""," ""router setup issues"""
"New router setup, internet not working"," ""Charlotte Adams"""," ""router setup issues"""
Cannot connect devices to newly installed router," ""Sophia Carter"""," ""router setup issues"""
Cannot connect device to newly installed router," ""Sophia Carter"""," ""router setup issues"""
Cannot connect devices to newly installed router," ""Sophia Carter"""," ""router setup issues"""
Router not assigning IP speak," ""Elijah Roberts"""," ""router setup issues"""
Router not assign IP addresses," ""Elijah Roberts"""," ""router setup issues"""
Router not assigning IP addresses," ""Elijah Roberts"""," ""router setup issues"""
"Computer fails to start, no powerfulness light"," ""Oliver Johnson"""," ""computer won't boot up"""
"Computer fails to start, no might light"," ""Oliver Johnson"""," ""computer won't boot up"""
"Computer die to start, no power light"," ""Oliver Johnson"""," ""computer won't boot up"""
"System does not boot, pitch-dark screen"," ""Amelia Garcia"""," ""computer won't boot up"""
"System does not boot, smuggled screen"," ""Amelia Garcia"""," ""computer won't boot up"""
"System does not boot, black test"," ""Amelia Garcia"""," ""computer won't boot up"""
No response from PC on power push_button press," ""Mia Wilson"""," ""computer won't boot up"""
No response from PC on power button press," ""Mia Wilson"""," ""computer won't boot up"""
No response from PC on power button pressure," ""Mia Wilson"""," ""computer won't boot up"""
"boot error, system asking for system disk"," ""Harper Smith"""," ""computer won't boot up"""
"Boot error, scheme asking for scheme disk"," ""Harper Smith"""," ""computer won't boot up"""
"Boot error, system asking for system record"," ""Harper Smith"""," ""computer won't boot up"""
File putrescence error when opening documents," ""Evelyn Clark"""," ""corrupted files"""
File corruption wrongdoing when opening documents," ""Evelyn Clark"""," ""corrupted files"""
charge corruption error when opening documents," ""Evelyn Clark"""," ""corrupted files"""
"Corrupted USB drive, files not approachable"," ""Amelia Garcia"""," ""corrupted files"""
"Corrupted USB drive, files not accessible"," ""Amelia Garcia"""," ""corrupted files"""
"Corrupted USB drive, files not approachable"," ""Amelia Garcia"""," ""corrupted files"""
Video filing_cabinet corrupted after system crash," ""Mia Wilson"""," ""corrupted files"""
Video files bribe after system crash," ""Mia Wilson"""," ""corrupted files"""
Video files deprave after system crash," ""Mia Wilson"""," ""corrupted files"""
Corruption detected in download files," ""Jackson Thomas"""," ""corrupted files"""
Corruption detected in download files," ""Jackson Thomas"""," ""corrupted files"""
subversion detected in downloaded files," ""Jackson Thomas"""," ""corrupted files"""
Smartphone battery drainpipe within hours," ""Lily Moore"""," ""low battery life on device"""
Smartphone battery drainage within hours," ""Lily Moore"""," ""low battery life on device"""
Smartphone battery drain within hours," ""Lily Moore"""," ""low battery life on device"""
Laptop electric_battery not holding charge," ""Jacob Martinez"""," ""low battery life on device"""
Laptop battery not holding rouse," ""Jacob Martinez"""," ""low battery life on device"""
Laptop battery not holding excite," ""Jacob Martinez"""," ""low battery life on device"""
tab needs frequent recharging," ""Lucas Taylor"""," ""low battery life on device"""
lozenge needs frequent recharging," ""Lucas Taylor"""," ""low battery life on device"""
Tablet needs buy_at recharging," ""Lucas Taylor"""," ""low battery life on device"""
Excessive battery drain on new twist," ""Evelyn Young"""," ""low battery life on device"""
Excessive battery drainage on new device," ""Evelyn Young"""," ""low battery life on device"""
Excessive battery drain on new twist," ""Evelyn Young"""," ""low battery life on device"""
Need to reinstall OS due to organization errors," ""Harper Lee"""," ""software needs reinstallation"""
Need to reinstall OS due to organisation errors," ""Harper Lee"""," ""software needs reinstallation"""
Need to reinstall OS due to system mistake," ""Harper Lee"""," ""software needs reinstallation"""
Software reinstallation involve after upgrade failure," ""Mia Perez"""," ""software needs reinstallation"""
Software reinstallation required after upgrade failure," ""Mia Perez"""," ""software needs reinstallation"""
Software reinstallation need after upgrade failure," ""Mia Perez"""," ""software needs reinstallation"""
reinstall application to resolve performance issues," ""Ava Robinson"""," ""software needs reinstallation"""
Reinstalling application to break_up performance issues," ""Ava Robinson"""," ""software needs reinstallation"""
Reinstalling application to declaration performance issues," ""Ava Robinson"""," ""software needs reinstallation"""
Program malfunction requires complete reinstall," ""Isabella Lewis"""," ""software needs reinstallation"""
Program malfunction requires complete reinstall," ""Isabella Lewis"""," ""software needs reinstallation"""
computer_program malfunction requires complete reinstall," ""Isabella Lewis"""," ""software needs reinstallation"""
hallmark app generating incorrect codes," ""Oliver Walker"""," ""two-factor authentication failure"""
certification app generating incorrect codes," ""Oliver Walker"""," ""two-factor authentication failure"""
Authentication app father incorrect codes," ""Oliver Walker"""," ""two-factor authentication failure"""
Time sync publish causing 2FA failures," ""Elijah Adams"""," ""two-factor authentication failure"""
Time sync issues induce 2FA failures," ""Elijah Adams"""," ""two-factor authentication failure"""
Time synchronize issues causing 2FA failures," ""Elijah Adams"""," ""two-factor authentication failure"""
2FA token not working after phone update," ""Charlotte Wright"""," ""two-factor authentication failure"""
2FA token not working after call update," ""Charlotte Wright"""," ""two-factor authentication failure"""
2FA token not working after phone update," ""Charlotte Wright"""," ""two-factor authentication failure"""
2FA setup offspring on new device," ""Logan King"""," ""two-factor authentication failure"""
2FA setup proceeds on new device," ""Logan King"""," ""two-factor authentication failure"""
2FA setup issues on new device," ""Logan King"""," ""two-factor authentication failure"""
External HDD not know by laptop," ""James Hernandez"""," ""USB device not recognized"""
External HDD not recognized by laptop_computer," ""James Hernandez"""," ""USB device not recognized"""
External HDD not recognized by laptop_computer," ""James Hernandez"""," ""USB device not recognized"""
wink drive not showing up on desktop," ""Amelia Young"""," ""USB device not recognized"""
Flash drive not read up on desktop," ""Amelia Young"""," ""USB device not recognized"""
Flash drive not showing up on background," ""Amelia Young"""," ""USB device not recognized"""
USB porthole not detecting any devices," ""William Jackson"""," ""USB device not recognized"""
USB embrasure not detecting any devices," ""William Jackson"""," ""USB device not recognized"""
USB ports not detection any devices," ""William Jackson"""," ""USB device not recognized"""
Printer USB connection intermittently go_bad," ""Isabella Anderson"""," ""USB device not recognized"""
Printer USB connection intermittently failing," ""Isabella Anderson"""," ""USB device not recognized"""
Printer USB connecter intermittently failing," ""Isabella Anderson"""," ""USB device not recognized"""
Zoom audio not working in encounter," ""Mason Thompson"""," ""zoom meeting issues"""
Zoom audio not working in meeting," ""Mason Thompson"""," ""zoom meeting issues"""
Zoom sound not working in meeting," ""Mason Thompson"""," ""zoom meeting issues"""
Video freezing during Zoom calls," ""Olivia Garcia"""," ""zoom meeting issues"""
Video suspend during Zoom calls," ""Olivia Garcia"""," ""zoom meeting issues"""
Video freezing during Zoom phone_call," ""Olivia Garcia"""," ""zoom meeting issues"""
Zoom ineffective to connect to server," ""Lucas Martinez"""," ""zoom meeting issues"""
Zoom unable to plug_in to server," ""Lucas Martinez"""," ""zoom meeting issues"""
Zoom unable to connect to waiter," ""Lucas Martinez"""," ""zoom meeting issues"""
"Echo issues in Zoom, interrupt meetings"," ""Chloe Miller"""," ""zoom meeting issues"""
"Echo upshot in Zoom, disrupting meetings"," ""Chloe Miller"""," ""zoom meeting issues"""
"Echo outlet in Zoom, disrupting meetings"," ""Chloe Miller"""," ""zoom meeting issues"""
"Email attachment not opening, says Indian_file too large"," ""Michael Clark"""," ""email attachment issues"""
"Email attachment not opening, articulate file too large"," ""Michael Clark"""," ""email attachment issues"""
"Email attachment not opening, pronounce file too large"," ""Michael Clark"""," ""email attachment issues"""
Attachment exceeds the allowed limitation," ""Emily White"""," ""email attachment issues"""
Attachment exceeds the tolerate limit," ""Emily White"""," ""email attachment issues"""
Attachment exceeds the let limit," ""Emily White"""," ""email attachment issues"""
Cannot send large video files via netmail," ""Maria Davis"""," ""email attachment issues"""
Cannot send large video files via electronic_mail," ""Maria Davis"""," ""email attachment issues"""
Cannot send large video_recording files via email," ""Maria Davis"""," ""email attachment issues"""
PDF attachments not downloading from netmail," ""Robert Brown"""," ""email attachment issues"""
PDF affixation not downloading from email," ""Robert Brown"""," ""email attachment issues"""
PDF attachments not downloading from e-mail," ""Robert Brown"""," ""email attachment issues"""
Detected data breach in customer database," ""Alice Johnson"""," ""data breach"""
Detected data breach in customer database," ""Alice Johnson"""," ""data breach"""
Detected data breach in customer database," ""Alice Johnson"""," ""data breach"""
unauthorized data extraction from secured files," ""John Smith"""," ""data breach"""
Unauthorized data extraction from batten_down files," ""John Smith"""," ""data breach"""
Unauthorized data extraction from procure files," ""John Smith"""," ""data breach"""
sensitive information leaked from internal documents," ""Sophia Moore"""," ""data breach"""
Sensitive information leaked from home documents," ""Sophia Moore"""," ""data breach"""
sensitive information leaked from internal documents," ""Sophia Moore"""," ""data breach"""
Large-scale data breach ask personal data," ""Benjamin Taylor"""," ""data breach"""
Large-scale data breach regard personal data," ""Benjamin Taylor"""," ""data breach"""
Large-scale data rupture involving personal data," ""Benjamin Taylor"""," ""data breach"""
File partake permissions not updating," ""Emma Harris"""," ""file sharing not working"""
File sharing permissions not updating," ""Emma Harris"""," ""file sharing not working"""
File sharing permissions not update," ""Emma Harris"""," ""file sharing not working"""
Unable to access shared network brochure," ""Noah Allen"""," ""file sharing not working"""
Unable to access shared meshwork folder," ""Noah Allen"""," ""file sharing not working"""
ineffective to access shared network folder," ""Noah Allen"""," ""file sharing not working"""
apportion drive not visible to team members," ""James Baker"""," ""file sharing not working"""
divvy_up drive not visible to team members," ""James Baker"""," ""file sharing not working"""
Shared drive not visible to team_up members," ""James Baker"""," ""file sharing not working"""
Problems with file share-out over the corporate network," ""Benjamin Green"""," ""file sharing not working"""
problem with file sharing over the corporate network," ""Benjamin Green"""," ""file sharing not working"""
Problems with lodge sharing over the corporate network," ""Benjamin Green"""," ""file sharing not working"""
Outdated network arranger causing connectivity issues," ""Charlotte Adams"""," ""outdated network drivers"""
Outdated electronic_network adapter causing connectivity issues," ""Charlotte Adams"""," ""outdated network drivers"""
Outdated network arranger causing connectivity issues," ""Charlotte Adams"""," ""outdated network drivers"""
Driver update necessitate for Wi-Fi stability," ""Sophia Carter"""," ""outdated network drivers"""
Driver update needed for Wi-Fi stability," ""Sophia Carter"""," ""outdated network drivers"""
number_one_wood update needed for Wi-Fi stability," ""Sophia Carter"""," ""outdated network drivers"""
Network slowdown due to old drivers," ""Elijah Roberts"""," ""outdated network drivers"""
meshwork slowdown due to old drivers," ""Elijah Roberts"""," ""outdated network drivers"""
Network lag due to old drivers," ""Elijah Roberts"""," ""outdated network drivers"""
"LAN connection issues, driver update recommend"," ""Oliver Johnson"""," ""outdated network drivers"""
"LAN connection issues, driver update recommended"," ""Oliver Johnson"""," ""outdated network drivers"""
"LAN connectedness issues, driver update recommended"," ""Oliver Johnson"""," ""outdated network drivers"""
Cloud storage synchronise errors on multiple devices," ""Amelia Garcia"""," ""cloud sync problems"""
Cloud storage synchronise errors on multiple devices," ""Amelia Garcia"""," ""cloud sync problems"""
Cloud storage sync mistake on multiple devices," ""Amelia Garcia"""," ""cloud sync problems"""
Files not syncing between phone and obnubilate," ""Mia Wilson"""," ""cloud sync problems"""
Files not syncing between phone and mist," ""Mia Wilson"""," ""cloud sync problems"""
Files not syncing between ring and cloud," ""Mia Wilson"""," ""cloud sync problems"""
synchronize failure with cloud backup service," ""Harper Smith"""," ""cloud sync problems"""
Sync failure with cloud backup divine_service," ""Harper Smith"""," ""cloud sync problems"""
Sync failure with cloud championship service," ""Harper Smith"""," ""cloud sync problems"""
intermittent cloud connectivity affecting file access," ""Evelyn Clark"""," ""cloud sync problems"""
Intermittent cloud connectivity affecting file access," ""Evelyn Clark"""," ""cloud sync problems"""
Intermittent cloud connectivity affecting file access," ""Evelyn Clark"""," ""cloud sync problems"""
"Software licence expired, application not functional"," ""Amelia Garcia"""," ""application license expired"""
"Software license expired, practical_application not functional"," ""Amelia Garcia"""," ""application license expired"""
"Software certify expired, application not functional"," ""Amelia Garcia"""," ""application license expired"""
License replacement required for critical software," ""Mia Wilson"""," ""application license expired"""
License reclamation required for critical software," ""Mia Wilson"""," ""application license expired"""
License renewal required for vital software," ""Mia Wilson"""," ""application license expired"""
Expired software license blocking access to boast," ""Jackson Thomas"""," ""application license expired"""
Expired software license blocking access to sport," ""Jackson Thomas"""," ""application license expired"""
Expired software license blocking memory_access to features," ""Jackson Thomas"""," ""application license expired"""
Software certify issues after company merger," ""Lily Moore"""," ""application license expired"""
Software license issues after company uniting," ""Lily Moore"""," ""application license expired"""
Software license issues after society merger," ""Lily Moore"""," ""application license expired"""
strange error codes when launching the application," ""Jacob Martinez"""," ""error codes on software"""
obscure error codes when launching the application," ""Jacob Martinez"""," ""error codes on software"""
unknown error codes when launching the application," ""Jacob Martinez"""," ""error codes on software"""
Software clangor with error code 0x80004005," ""Lucas Taylor"""," ""error codes on software"""
Software crashes with erroneous_belief code 0x80004005," ""Lucas Taylor"""," ""error codes on software"""
Software crashes with erroneousness code 0x80004005," ""Lucas Taylor"""," ""error codes on software"""
Error code seen during software update march," ""Evelyn Young"""," ""error codes on software"""
misplay code seen during software update process," ""Evelyn Young"""," ""error codes on software"""
Error code seen during software_program update process," ""Evelyn Young"""," ""error codes on software"""
Frequent computer_error messages disrupting workflow," ""Harper Lee"""," ""error codes on software"""
Frequent error messages break_up workflow," ""Harper Lee"""," ""error codes on software"""
Frequent erroneous_belief messages disrupting workflow," ""Harper Lee"""," ""error codes on software"""
drug_user lacks permissions to access certain files," ""Mia Perez"""," ""insufficient user permissions"""
User lacks permissions to access certain filing_cabinet," ""Mia Perez"""," ""insufficient user permissions"""
User lacks permissions to admittance certain files," ""Mia Perez"""," ""insufficient user permissions"""
Access denied due to insufficient drug_user rights," ""Ava Robinson"""," ""insufficient user permissions"""
Access denied due to insufficient exploiter rights," ""Ava Robinson"""," ""insufficient user permissions"""
Access refuse due to insufficient user rights," ""Ava Robinson"""," ""insufficient user permissions"""
Permission error when trying to install computer_software," ""Isabella Lewis"""," ""insufficient user permissions"""
Permission error when render to install software," ""Isabella Lewis"""," ""insufficient user permissions"""
Permission error when trying to install software_program," ""Isabella Lewis"""," ""insufficient user permissions"""
Request for elevated license to complete task," ""Oliver Walker"""," ""insufficient user permissions"""
Request for elevated permit to complete task," ""Oliver Walker"""," ""insufficient user permissions"""
request for elevated permissions to complete task," ""Oliver Walker"""," ""insufficient user permissions"""
